{"cameraMode":{"drawMode":0,"name":"Shaded","section":"Shading Mode"},"sceneLighting":false,"audioPlay":false,"sceneViewState":{"showFog":true,"showMaterialUpdate":false,"showSkybox":true,"showFlares":true,"showImageEffects":true,"showParticleSystems":true},"in2DMode":false,"pivot":{"x":37.15919494628906,"y":-256.1781005859375,"z":-1465.6146240234375},"rotation":{"x":-0.003910653758794069,"y":0.9861342906951904,"z":-0.16451828181743623,"w":-0.023370224982500078},"size":1408.847900390625,"orthographic":false}