{"cameraMode":{"drawMode":0,"name":"Shaded","section":"Shading Mode"},"sceneLighting":false,"audioPlay":false,"sceneViewState":{"showFog":true,"showMaterialUpdate":false,"showSkybox":true,"showFlares":true,"showImageEffects":true,"showParticleSystems":true},"in2DMode":false,"pivot":{"x":457.43194580078127,"y":-88.10549926757813,"z":182.12039184570313},"rotation":{"x":-0.15595142543315888,"y":-0.3148738741874695,"z":0.05254082381725311,"w":-0.9348013401031494},"size":842.2332763671875,"orthographic":false}