{"cameraMode":{"drawMode":0,"name":"Shaded","section":"Shading Mode"},"sceneLighting":true,"audioPlay":false,"sceneViewState":{"m_AlwaysRefresh":false,"showFog":true,"showSkybox":true,"showFlares":true,"showImageEffects":true,"showParticleSystems":true,"showVisualEffectGraphs":true,"m_FxEnabled":true},"in2DMode":false,"pivot":{"x":-62.45620346069336,"y":-38.96012878417969,"z":-170.67877197265626},"rotation":{"x":0.016532523557543756,"y":-0.9551419019699097,"z":0.29108715057373049,"w":0.05457256734371185},"size":84.63856506347656,"orthographic":false}